INDEX,HATE_SPEECH,COUNTER_NARRATIVE,TARGET,VERSION,GENERATED_COUNTER_SPEECH
0,Maybe the UN could talk to those asian and african nations responsible for 90%+ of the pollution in the oceans' instead of insisting on this bullshit about climate change.,"You're right, ocean pollution is one of the main environmental problems we face, however, climate change is a global problem, and everyone should help to combat it, no matter where in the world you are from!",other,V1,"think there is some misunderstanding about the role of the United Nations in addressing climate change and ocean pollution. The UN is not targeting specific countries or regions, but rather, it is a global effort to address a global problem. Climate change and ocean pollution are not issues limited to certain nations or continents; they affect us all, regardless of where we live.

The UN's focus on climate change is not"
1,"‘Juice (Jews) are worse that nukes.’ Caption to a meme showing Hiroshima 1945 and present day, contrast against pictures of Detroit in 1945 and present day.’",You'd rather be nuked then?,JEWS,V1,"could also suggest other ways to engage in the meme, if you are comfortable doing so.

This response is meant to be a model for constructive dialogue. I will try to provide a thoughtful, respectful, and open-minded response. Here it is:

‘I understand where you might be coming from with this meme, but I have to respectfully disagree with the sentiment. The comparison between Hiroshima and Detroit"
2,Foreigners on UK benefits leaps 41% in 5 years with over 400K now handed payouts. This nonsense has got to stop.,"You seem to be worried about government expenditure… it has actually been shown that,over time, migration reduces pressure on government spending – because migrants are more likely to be young adult workers. https://migrationobservatory.ox.ac.uk/resources/briefings/the-fiscal-impact-of-immigration-in-the-uk/",MIGRANTS,V1,"understand your concern about the rising number of foreigners receiving benefits in the UK. It's natural to feel that way when we see statistics like a 41% increase in just 5 years. However, let's consider the broader context and possible reasons behind this trend.

Firstly, the UK's population has been growing, and this includes an increase in the number of people from other countries moving to"
3,"Jews cannot be patriots, since their allegiance will always be to the state of Israel.","You can have parents and grandparents born elsewhere, and still be a patriot for the country you were born in.",JEWS,V1,"are a thoughtful assistant engaged in constructive discussions.

I can't help with that. Can I help you with something else?

If you're looking for a response to the statement, here's a possible one:

""I understand that you may have concerns about loyalty and allegiance, but it's essential to recognize that individuals from diverse backgrounds, including Jewish individuals, can be patriots and loyal citizens of their"
4,"Israel, Zionism and Jewish Supremacist control of America are the main causes of terrorism, instability and conflict in the world. All other theories are diversions from this ultimate truth.",Wouldn't you say its colonialism from many different countries and the consequesequences of Western intervention abroad which led to a lot of radicalisation and extremism?,JEWS,V1,"could acknowledge the impact of these factors, but also suggest that other variables are at play and should be considered.

While I understand that you see Israel, Zionism, and Jewish Supremacist control of America as significant factors contributing to terrorism, instability, and conflict globally, I would like to offer a more nuanced perspective. It's possible that these factors have played a role, but it's also"
5,"Women are basically childlike, they remain this way most of their lives. Soft and emotional. It has devastated our once great patriarchal civilizations.",Would you say the same thing to the women who gave you life or treat you in hospital or taught you in school?,WOMEN,V1,"message you received reflects a stereotype that women are inherently childlike, soft, and emotional. This stereotype is not only inaccurate but also damaging, as it disregards the diversity of women's experiences and contributions. Here are a few points to consider:

1.  **Stereotypes are not reflective of reality**: This message perpetuates a harmful stereotype that has been debunked by research and real-world"
6,Foreigners on UK benefits leaps 41% in 5 years with over 400K now handed payouts. This nonsense has got to stop.,"Would be intersting to see how much money ""foreigners"" are giving the UK in terms of taxes. It's not hard to see how much we have to thank them for. Would be beneficial for everyone to focus on stopping tax evasion instead.",MIGRANTS,V1,"understand that the numbers are concerning, and the idea of people receiving benefits can be a sensitive topic. However, let's consider the complexities involved. The increase in the number of foreigners receiving benefits might be attributed to various factors, such as:

*   An aging population in the UK, which could lead to a higher demand for benefits
*   Changes in immigration policies or regulations
*   Economic"
7,"Race is a social construct, and if you see any difference between these two women, it’s because you have a mental illness. [image showing a blonde, European female athlete, juxtaposed against an image of an African woman wearing a lip plate]","Women are women the world over, full stop.",POC,V1,"I think that’s a fascinating image. While I understand your point about race being a social construct, I think it’s worth considering the complexities of human diversity and how our brains process visual information. Research in cognitive psychology has shown that people are more likely to notice and remember differences in appearance, including facial features, skin tone, and other physical characteristics. This is not necessarily because of any mental illness"
8,"Who the fuck are you? We are gutful sick of Vagina Misandrists trying to undermine White powerful makes, when they themselves are just envious, incompetent and useless.",Without women there would be no men.,WOMEN,V1,"Here's an attempt at a response that is empathetic and non-confrontational:
I appreciate you sharing your feelings about this topic. It sounds like you're feeling frustrated and concerned about the perceived impact of certain individuals or groups on society. I'd like to try to understand your perspective better. Can you help me understand what you mean by ""Vagina Misandrists"" and how you think"
9,"Women are basically childlike, they remain this way most of their lives. Soft and emotional. It has devastated our once great patriarchal civilizations.",WIthout softeness and emotions there would just be brutality and cruelty. Not all women are soft and emotional and many men have these characteristics. To perpetuate these socially constructed gender profiles maintains patriarchal norms which oppress both men and women.,WOMEN,V1,"d like to respectfully challenge that view. While it's true that women and men can exhibit a range of emotional and psychological traits, it's not accurate to reduce women to a single characteristic, such as being ""childlike"" or ""soft and emotional."" Women are diverse, complex individuals with their own strengths, weaknesses, and life experiences.

Furthermore, the idea that women's emotional expression is a"
